Name,Category,Cover,경로,독후감,완독년도
함께 자라기,"개발방법론, 소프트웨어",%EA%B2%8C%EC%9C%BC%EB%A6%84%EC%9D%84%20%EC%9C%84%ED%95%9C%20%EB%B6%80%EC%A7%80%EB%9F%B0%ED%95%A8/book_%206.jpeg,,📝,2019
예테보리 쌍쌍바,소설,%EA%B2%8C%EC%9C%BC%EB%A6%84%EC%9D%84%20%EC%9C%84%ED%95%9C%20%EB%B6%80%EC%A7%80%EB%9F%B0%ED%95%A8/book_%201.jpg,,📝,2019
돌이킬 수 없는 약속,소설,%EA%B2%8C%EC%9C%BC%EB%A6%84%EC%9D%84%20%EC%9C%84%ED%95%9C%20%EB%B6%80%EC%A7%80%EB%9F%B0%ED%95%A8/book_%205.jpeg,,📝,2019
소프트웨어 장인,소프트웨어,%EA%B2%8C%EC%9C%BC%EB%A6%84%EC%9D%84%20%EC%9C%84%ED%95%9C%20%EB%B6%80%EC%A7%80%EB%9F%B0%ED%95%A8/book__.jpg,,,2019
좀머 씨 이야기,소설,%EA%B2%8C%EC%9C%BC%EB%A6%84%EC%9D%84%20%EC%9C%84%ED%95%9C%20%EB%B6%80%EC%A7%80%EB%9F%B0%ED%95%A8/book_.jpg,,,2019
언어의 온도,에세이,%EA%B2%8C%EC%9C%BC%EB%A6%84%EC%9D%84%20%EC%9C%84%ED%95%9C%20%EB%B6%80%EC%A7%80%EB%9F%B0%ED%95%A8/book_%204.jpeg,,,2019
진짜 부자 가짜 부자,투자,%EA%B2%8C%EC%9C%BC%EB%A6%84%EC%9D%84%20%EC%9C%84%ED%95%9C%20%EB%B6%80%EC%A7%80%EB%9F%B0%ED%95%A8/book_%203.jpeg,,,2020
"타이탄의 도구들 ",자기계발,%EA%B2%8C%EC%9C%BC%EB%A6%84%EC%9D%84%20%EC%9C%84%ED%95%9C%20%EB%B6%80%EC%A7%80%EB%9F%B0%ED%95%A8/book_%202.jpeg,,📝,2020
데일 카네기 인간관계론,자기계발,%EA%B2%8C%EC%9C%BC%EB%A6%84%EC%9D%84%20%EC%9C%84%ED%95%9C%20%EB%B6%80%EC%A7%80%EB%9F%B0%ED%95%A8/book_%201.jpeg,,,2020
"돈의 속성 ",투자,%EA%B2%8C%EC%9C%BC%EB%A6%84%EC%9D%84%20%EC%9C%84%ED%95%9C%20%EB%B6%80%EC%A7%80%EB%9F%B0%ED%95%A8/book_.jpeg,,,2020
커리어 스킬,"소프트웨어, 자기개발",%EA%B2%8C%EC%9C%BC%EB%A6%84%EC%9D%84%20%EC%9C%84%ED%95%9C%20%EB%B6%80%EC%A7%80%EB%9F%B0%ED%95%A8/book_careerSkill.jpeg,,,2020
나미야 잡화점의 기적,소설,%EA%B2%8C%EC%9C%BC%EB%A6%84%EC%9D%84%20%EC%9C%84%ED%95%9C%20%EB%B6%80%EC%A7%80%EB%9F%B0%ED%95%A8/book_namiya.jpeg,,,2020
Clean Code,소프트웨어,%EA%B2%8C%EC%9C%BC%EB%A6%84%EC%9D%84%20%EC%9C%84%ED%95%9C%20%EB%B6%80%EC%A7%80%EB%9F%B0%ED%95%A8/book_cleanCode.jpeg,,,2020
바지 벗고 일하면 안 되나요?,경영론,%EA%B2%8C%EC%9C%BC%EB%A6%84%EC%9D%84%20%EC%9C%84%ED%95%9C%20%EB%B6%80%EC%A7%80%EB%9F%B0%ED%95%A8/book_pants.jpg,,,2020
데일 카네기 자기관리론,자기계발,%EA%B2%8C%EC%9C%BC%EB%A6%84%EC%9D%84%20%EC%9C%84%ED%95%9C%20%EB%B6%80%EC%A7%80%EB%9F%B0%ED%95%A8/book_myself.jpeg,,,2020
레버리지,경영론,%EA%B2%8C%EC%9C%BC%EB%A6%84%EC%9D%84%20%EC%9C%84%ED%95%9C%20%EB%B6%80%EC%A7%80%EB%9F%B0%ED%95%A8/800x0_(1).jpeg,,,2020
달러구트 꿈 백화점,소설,%EA%B2%8C%EC%9C%BC%EB%A6%84%EC%9D%84%20%EC%9C%84%ED%95%9C%20%EB%B6%80%EC%A7%80%EB%9F%B0%ED%95%A8/800x0%201.jpeg,,,2020
살아가는 데 꼭 필요한 최소한의 금융지식,금융,%EA%B2%8C%EC%9C%BC%EB%A6%84%EC%9D%84%20%EC%9C%84%ED%95%9C%20%EB%B6%80%EC%A7%80%EB%9F%B0%ED%95%A8/800x0_(2).jpeg,,,"2020, 2023"
재택 HACKS,"업무, 자기개발",%EA%B2%8C%EC%9C%BC%EB%A6%84%EC%9D%84%20%EC%9C%84%ED%95%9C%20%EB%B6%80%EC%A7%80%EB%9F%B0%ED%95%A8/800x0.jpg,종이책,,2021
부자 아빠 가난한 아빠 1,경영론,http://www.kyeonggi.com/news/photo/201803/1451421_1343002_3343.jpg,,,2021
부자 아빠 가난한 아빠 2,경영론,%EA%B2%8C%EC%9C%BC%EB%A6%84%EC%9D%84%20%EC%9C%84%ED%95%9C%20%EB%B6%80%EC%A7%80%EB%9F%B0%ED%95%A8/xxlarge.jpeg,,,2021
레버리지,경영론,http://image.yes24.com/momo/TopCate2332/MidCate005/233147445.jpg,,,2021
책으로 시작하는 부동산 공부,부동산,%EA%B2%8C%EC%9C%BC%EB%A6%84%EC%9D%84%20%EC%9C%84%ED%95%9C%20%EB%B6%80%EC%A7%80%EB%9F%B0%ED%95%A8/800x0.jpeg,,📝,2021
iOS Application Security,"iOS, 소프트웨어",%EA%B2%8C%EC%9C%BC%EB%A6%84%EC%9D%84%20%EC%9C%84%ED%95%9C%20%EB%B6%80%EC%A7%80%EB%9F%B0%ED%95%A8/800x0-2.jpeg,종이책,,-
룬샷,경영론,%EA%B2%8C%EC%9C%BC%EB%A6%84%EC%9D%84%20%EC%9C%84%ED%95%9C%20%EB%B6%80%EC%A7%80%EB%9F%B0%ED%95%A8/800x0-3.jpeg,"리디북스, 전자책",,-
주식시장을 이기는 작은 책,"금융, 재테크",%EA%B2%8C%EC%9C%BC%EB%A6%84%EC%9D%84%20%EC%9C%84%ED%95%9C%20%EB%B6%80%EC%A7%80%EB%9F%B0%ED%95%A8/L_44467.jpg,종이책,,2020
청무피사의 부린이 탈출기,"부동산, 재테크",%EA%B2%8C%EC%9C%BC%EB%A6%84%EC%9D%84%20%EC%9C%84%ED%95%9C%20%EB%B6%80%EC%A7%80%EB%9F%B0%ED%95%A8/800x0-4.jpeg,종이책,,2021
욕망의 진화,진화심리학,%EA%B2%8C%EC%9C%BC%EB%A6%84%EC%9D%84%20%EC%9C%84%ED%95%9C%20%EB%B6%80%EC%A7%80%EB%9F%B0%ED%95%A8/5719090.jpg,"리디북스, 전자책",📝,2021
클루지,진화심리학,%EA%B2%8C%EC%9C%BC%EB%A6%84%EC%9D%84%20%EC%9C%84%ED%95%9C%20%EB%B6%80%EC%A7%80%EB%9F%B0%ED%95%A8/800x0-5.jpeg,"밀리의서재, 전자책",,-
킵고잉,"경제/경영, 투자",%EA%B2%8C%EC%9C%BC%EB%A6%84%EC%9D%84%20%EC%9C%84%ED%95%9C%20%EB%B6%80%EC%A7%80%EB%9F%B0%ED%95%A8/800x0-6.jpeg,"광운대전자도서관, 전자책",📝,2021
Data-Driven UX,"UI/UX, 디자인",,종이책,,-
"35세, 1억으로 내 아파트 갖기",부동산,%EA%B2%8C%EC%9C%BC%EB%A6%84%EC%9D%84%20%EC%9C%84%ED%95%9C%20%EB%B6%80%EC%A7%80%EB%9F%B0%ED%95%A8/800x0-7.jpeg,"밀리의서재, 전자책",📝,2021
일생에 한번은 고수를 만나라,자기계발,%EA%B2%8C%EC%9C%BC%EB%A6%84%EC%9D%84%20%EC%9C%84%ED%95%9C%20%EB%B6%80%EC%A7%80%EB%9F%B0%ED%95%A8/27320026.jpg,"밀리의서재, 전자책",📝,2021
지능의 역설,진화심리학,%EA%B2%8C%EC%9C%BC%EB%A6%84%EC%9D%84%20%EC%9C%84%ED%95%9C%20%EB%B6%80%EC%A7%80%EB%9F%B0%ED%95%A8/XL%201.jpeg,종이책,,2021
꼬리에 꼬리를 무는 그날 이야기,한국사회,%EA%B2%8C%EC%9C%BC%EB%A6%84%EC%9D%84%20%EC%9C%84%ED%95%9C%20%EB%B6%80%EC%A7%80%EB%9F%B0%ED%95%A8/A6C0B2D9-8E3B-4A0B-81E6-5F01673D48E9.jpeg,밀리의서재,🖌,2021
일의 격,리더십,%EA%B2%8C%EC%9C%BC%EB%A6%84%EC%9D%84%20%EC%9C%84%ED%95%9C%20%EB%B6%80%EC%A7%80%EB%9F%B0%ED%95%A8/XL-2%201.jpeg,종이책,,2021
(사용자를) 생각하게 하지 마!,디자인,%EA%B2%8C%EC%9C%BC%EB%A6%84%EC%9D%84%20%EC%9C%84%ED%95%9C%20%EB%B6%80%EC%A7%80%EB%9F%B0%ED%95%A8/42585058.jpg,종이책,📝,2023
Peopleware,"개발방법론, 소프트웨어",%EA%B2%8C%EC%9C%BC%EB%A6%84%EC%9D%84%20%EC%9C%84%ED%95%9C%20%EB%B6%80%EC%A7%80%EB%9F%B0%ED%95%A8/38416928.jpg,,📝,2023
이웃집 백만장자,,%EA%B2%8C%EC%9C%BC%EB%A6%84%EC%9D%84%20%EC%9C%84%ED%95%9C%20%EB%B6%80%EC%A7%80%EB%9F%B0%ED%95%A8/XL.jpeg,,,2023
네 인생 우습지 않다,,%EA%B2%8C%EC%9C%BC%EB%A6%84%EC%9D%84%20%EC%9C%84%ED%95%9C%20%EB%B6%80%EC%A7%80%EB%9F%B0%ED%95%A8/XL-2.jpeg,,,2023